step,sim_time,current_step,time_step,com_ref_x,com_ref_y,com_ref_z,com_x,com_y,com_z,foot_ref_x,foot_ref_y,foot_ref_z,left_foot_x,left_foot_y,left_foot_z,right_foot_x,right_foot_y,right_foot_z,qp_status,foot_distance,warning,com_y_error,com_y_vel,com_y_acc,support_foot
1,0.3930788040161133,-1,-1,-9.049297598877253e-05,0.09574808910265592,0.2415305651646886,-8.304495507408345e-05,0.0957346454150185,0.24160414098240587,0.0,0.0,0.0,0.04235216851329969,0.0809293010630483,0.00038297801652614066,-0.04235773508232331,0.09300665059037287,0.0,0,0.0,Standing phase,0.0,0.0,0.0,both
2,0.4050920009613037,-1,-1,-9.049297598877253e-05,0.09574808910265592,0.2415305651646886,-8.123043299570862e-05,0.09573707220513597,0.24157792347069795,0.0,0.0,0.0,0.04235520435744607,0.0811881124839988,0.0003315821034853561,-0.04234330535151885,0.09290564948602677,-3.317844494208841e-05,0,0.0,Standing phase,0.0,0.0,0.0,both
3,0.414456844329834,-1,-1,-9.049297598877253e-05,0.09574808910265592,0.2415305651646886,-7.831555048980649e-05,0.09573956848756043,0.24157920006505512,0.0,0.0,0.0,0.04235811217026022,0.08141899558105864,0.00030936972530342527,-0.04232946234164209,0.09279134861848046,-3.7917955218676885e-05,0,0.0,Standing phase,0.0,0.0,0.0,both
4,0.4222569465637207,-1,-1,-9.049297598877253e-05,0.09574808910265592,0.2415305651646886,-7.444361768256865e-05,0.09574218478941514,0.24160689936300597,0.0,0.0,0.0,0.04236089745449812,0.08162297372993918,0.00031519517366937824,-0.042316186855385234,0.09266432635117415,-1.5338769218629922e-05,0,0.0,Standing phase,0.0,0.0,0.0,both
5,0.42721009254455566,-1,-1,-9.049297598877253e-05,0.09574808910265592,0.2415305651646886,-6.974547476365678e-05,0.09574496920596648,0.24165997585020924,0.0,0.0,0.0,0.04236356533786369,0.0818010398658837,0.00034794684556324965,-0.04230346043183877,0.09252514269461316,3.347192553977349e-05,0,0.0,Standing phase,0.0,0.0,0.0,both
6,0.4346599578857422,-1,-1,-9.049297598877253e-05,0.09574808910265592,0.2415305651646886,-6.434038130430846e-05,0.09574796747751299,0.241737409767837,0.0,0.0,0.0,0.04236612060940807,0.08195415733412352,0.00040654634219830163,-0.042291265300473974,0.0923743398474291,0.00010745914993452038,0,0.0,Standing phase,0.0,0.0,0.0,both
7,0.43995189666748047,-1,-1,-9.049297598877253e-05,0.09574808910265592,0.2415305651646886,-5.833685028930723e-05,0.09575122305832875,0.2418382069428326,0.0,0.0,0.0,0.042368567752193026,0.08208326071611804,0.0004899475899699975,-0.04227958433927687,0.09221244272061574,0.0002055993091105955,0,0.0,Standing phase,0.0,0.0,0.0,both
8,0.4463009834289551,-1,-1,-9.049297598877253e-05,0.09574808910265592,0.2415305651646886,-5.1833429909226474e-05,0.09575477717911678,0.24196139858482252,0.0,0.0,0.0,0.04237091097257646,0.08218925663231647,0.0005971359829187207,-0.04226840103663255,0.09203995944555937,0.0003268993864263686,0,0.0,Standing phase,0.0,0.0,0.0,both
9,0.4533710479736328,-1,-1,-9.049297598877253e-05,0.09574808910265592,0.2415305651646886,-4.491943602248845e-05,0.0957586689042211,0.24210604105314865,0.0,0.0,0.0,0.04237315422644779,0.0822730245221553,0.00072712754622338,-0.042257699456596166,0.09185738186645503,0.00047039615520368463,0,0.0,Standing phase,0.0,0.0,0.0,both
10,0.4583780765533447,-1,-1,-9.049297598877253e-05,0.09574808910265592,0.2415305651646886,-3.7675638062414415e-05,0.095762935184666,0.24227121559720638,0.0,0.0,0.0,0.04237530124271198,0.08233541740198717,0.0008789681202528814,-0.04224746420721953,0.09166518601767268,0.0006351554080061862,0,0.0,Standing phase,0.0,0.0,0.0,both
11,0.4663980007171631,-1,-1,-9.049297598877253e-05,0.09574808910265592,0.2415305651646886,-3.0174901031935142e-05,0.09576761090792889,0.24245602807300998,0.0,0.0,0.0,0.04237735554429533,0.08237726260161266,0.0010517325647101186,-0.042237680411632963,0.09146383258661195,0.0008202712031678341,0,0.0,Standing phase,0.0,0.0,0.0,both
12,0.47078585624694824,-1,-1,-9.049297598877253e-05,0.09574808910265592,0.2415305651646886,-2.2482786099356886e-05,0.09577272894521509,0.24265960863867156,0.0,0.0,0.0,0.04237932046692153,0.08239936248006773,0.0012445239824137241,-0.0422283336816102,0.09125376736255951,0.0010248651282928137,0,0.0,Standing phase,0.0,0.0,0.0,both
13,0.47467708587646484,-1,-1,-9.049297598877253e-05,0.09574808910265592,0.2415305651646886,-1.4658112183502167e-05,0.09577832019687615,0.24288111143125382,0.0,0.0,0.0,0.04238119917588393,0.08240249512129683,0.001456472962268758,-0.04221941009337014,0.09103542167204072,0.0012480855804463745,0,0.0,Standing phase,0.0,0.0,0.0,both
14,0.4789879322052002,-1,-1,-9.049297598877253e-05,0.09574808910265592,0.2415305651646886,-6.753480795370423e-06,0.09578441363650778,0.2431197142272611,0.0,0.0,0.0,0.042382994681019526,0.08238741501032304,0.0016867368409911009,-0.04221089616539211,0.09080921280113516,0.0014891070627544231,0,0.0,Standing phase,0.0,0.0,0.0,both
15,0.4848759174346924,-1,-1,-9.049297598877253e-05,0.09574808910265592,0.2415305651646886,1.1842337132388724e-06,0.09579103635416593,0.24337461808884273,0.0,0.0,0.0,0.04238470985007073,0.08235485369050488,0.0019344989831535098,-0.04220277883804375,0.09057554440520484,0.001747129497129761,0,0.0,Standing phase,0.0,0.0,0.0,both
16,0.48929381370544434,-1,-1,-9.049297598877253e-05,0.09574808910265592,0.2415305651646886,9.113426456007478e-06,0.09579821359905992,0.24364504699761333,0.0,0.0,0.0,0.04238634742060407,0.08230552040245157,0.002198968079133664,-0.04219504545483905,0.09033480690646575,0.0020213775528434563,0,0.0,Standing phase,0.0,0.0,0.0,both
17,0.4939091205596924,-1,-1,-9.049297598877253e-05,0.09574808910265592,0.2415305651646886,1.699733494294146e-05,0.09580596882200654,0.24393024747783906,0.0,0.0,0.0,0.042387910010637866,0.08224010270514887,0.002479377460551515,-0.04218768374516343,0.09008737787981339,0.0023110999906573344,0,0.0,Standing phase,0.0,0.0,0.0,both
18,0.49860501289367676,-1,-1,-9.049297598877253e-05,0.09574808910265592,0.2415305651646886,2.4803640808657405e-05,0.09581432371786891,0.24422948821059184,0.0,0.0,0.0,0.042389400128117455,0.08215926707982912,0.0027749844327913144,-0.042180681808317404,0.08983362242729662,0.002615569022239056,0,0.0,Standing phase,0.0,0.0,0.0,both
19,0.502528190612793,-1,-1,-9.049297598877253e-05,0.09574808910265592,0.2415305651646886,3.250409860977562e-05,0.09582329826814909,0.24454205964034148,0.0,0.0,0.0,0.04239082017936213,0.08206365951710139,0.003085069624212348,-0.04217402809874637,0.08957389354161782,0.0029340796845750486,0,0.0,Standing phase,0.0,0.0,0.0,both
20,0.5062181949615479,-1,-1,-9.049297598877253e-05,0.09574808910265592,0.2415305651646886,4.007419005734165e-05,0.09583291078385767,0.2448672735753349,0.0,0.0,0.0,0.042392172476595824,0.08195390608784128,0.0034089363516605978,-0.04216771141233712,0.08930853245902066,0.0032659492291056656,0,0.0,Standing phase,0.0,0.0,0.0,both
21,0.5100529193878174,-1,-1,-9.049297598877253e-05,0.09574808910265592,0.2415305651646886,4.74928021401657e-05,0.0958431779487436,0.24520446278299526,0.0,0.0,0.0,0.04239345924466294,0.08183061349832162,0.0037459100019011544,-0.04216172087367337,0.0890378690019135,0.003610516525300783,0,0.0,Standing phase,0.0,0.0,0.0,both
22,0.5149998664855957,-1,-1,-9.049297598877253e-05,0.09574808910265592,0.2415305651646886,5.474192768052224e-05,0.0958541148629344,0.24555298058147343,0.0,0.0,0.0,0.04239468262701965,0.08169436963005028,0.0040953374285989455,-0.04215604592415444,0.0887622219115605,0.003967141478401721,0,0.0,Standing phase,0.0,0.0,0.0,both
23,0.5192699432373047,-1,-1,-9.049297598877253e-05,0.09574808910265592,0.2415305651646886,6.180638694520718e-05,0.09586573508700813,0.24591220042838643,0.0,0.0,0.0,0.042395844691082055,0.08154574406476645,0.004456586364483581,-0.04215067631089045,0.08848189917116173,0.004335204461054034,0,0.0,Standing phase,0.0,0.0,0.0,both
24,0.523144006729126,-1,-1,-9.049297598877253e-05,0.09574808910265592,0.2415305651646886,6.867356901237152e-05,0.09587805068649541,0.2462815155076898,0.0,0.0,0.0,0.04239694743300492,0.08138528859502941,0.004829044848340347,-0.04214560207629693,0.08819719831962806,0.004714105758557411,0,0.0,Standing phase,0.0,0.0,0.0,both
25,0.5274550914764404,-1,-1,-9.049297598877253e-05,0.09574808910265592,0.2415305651646886,7.533319166797117e-05,0.09589107227678967,0.2466603383155486,0.0,0.0,0.0,0.04239799278195526,0.08121353772082204,0.005212120666480663,-0.042140813548319535,0.08790840675634728,0.005103265027464443,0,0.0,Standing phase,0.0,0.0,0.0,both
26,0.5322089195251465,-1,-1,-9.049297598877253e-05,0.09574808910265592,0.2415305651646886,8.177707867561973e-05,0.09590480906842774,0.2470481002459989,0.0,0.0,0.0,0.04239898260393995,0.08103100913257538,0.005605240808345419,-0.04213630133122708,0.08761580203722412,0.005502120767258558,0,0.0,Standing phase,0.0,0.0,0.0,both
27,0.536780834197998,-1,-1,-9.049297598877253e-05,0.09574808910265592,0.2415305651646886,8.799895332962595e-05,0.095919268912691,0.2474442511771188,0.0,0.0,0.0,0.04239991870523931,0.08083820418100862,0.006007850935911593,-0.04213205629691752,0.08731965216226781,0.005910129804847765,0,0.0,Standing phase,0.0,0.0,0.0,both
28,0.5411579608917236,-1,-1,-9.049297598877253e-05,0.09574808910265592,0.2415305651646886,9.399424726368252e-05,0.09593445834746585,0.24784825905836796,0.0,0.0,0.0,0.04240080283549298,0.08063560833416411,0.006419414866570095,-0.04212806957668784,0.08702021585498983,0.006326766791610112,0,0.0,Standing phase,0.0,0.0,0.0,both
29,0.5455849170684814,-1,-1,-9.049297598877253e-05,0.09574808910265592,0.2415305651646886,9.975992354715584e-05,0.09595038264329575,0.24825960949969103,0.0,0.0,0.0,0.0424016366904795,0.08042369162200697,0.006839414069157536,-0.04212433255342376,0.08671774283386378,0.00675152371273249,0,0.0,Standing phase,0.0,0.0,0.0,both
30,0.5502638816833496,-1,-1,-9.049297598877253e-05,0.09574808910265592,0.2415305651646886,0.00010529431315685328,0.09596704584955094,0.24867780536293105,0.0,0.0,0.0,0.04240242191462646,0.08020290906894444,0.007267347172825539,-0.04212083685416983,0.08641247407609177,0.007183909408587444,0,0.0,Standing phase,0.0,0.0,0.0,both
31,0.5545439720153809,-1,-1,-9.049297598877253e-05,0.09574808910265592,0.2415305651646886,0.00011059696396553483,0.09598445084063821,0.24910236635604216,0.0,0.0,0.0,0.042403160103283516,0.07997370111461036,0.007702729488442944,-0.042117574343045666,0.08610464207391119,0.007623449107892175,0,0.0,Standing phase,0.0,0.0,0.0,both
32,0.5586888790130615,-1,-1,-9.049297598877253e-05,0.09574808910265592,0.2415305651646886,0.00011566850143841357,0.09600259936217115,0.24953282863055198,0.0,0.0,0.0,0.04240385280478733,0.07973649402324795,0.00814509254222976,-0.04211453711447666,0.08579447108366763,0.008069683972403156,0,0.0,Standing phase,0.0,0.0,0.0,both
33,0.562870979309082,-1,-1,-9.049297598877253e-05,0.09574808910265592,0.2415305651646886,0.00012051050027667149,0.09602149207701992,0.24996874438267178,0.0,0.0,0.0,0.04240450152234411,0.07949170028201386,0.008593983621329179,-0.042111717486712094,0.08548217736787246,0.00852217065289788,0,0.0,Standing phase,0.0,0.0,0.0,both
34,0.5678548812866211,-1,-1,-9.049297598877253e-05,0.09574808910265592,0.2415305651646886,0.00012512536629152686,0.09604112861116038,0.25040968145842185,0.0,0.0,0.0,0.042405107715751726,0.07923971898851635,0.009048965331030591,-0.042109107995605945,0.08516796943045432,0.008980480856201456,0,0.0,Standing phase,0.0,0.0,0.0,both
35,0.5721240043640137,-1,-1,-9.049297598877253e-05,0.09574808910265592,0.2415305651646886,0.00012951622783509897,0.09606150759924328,0.250855222963096,0.0,0.0,0.0,0.04240567280298175,0.07898093622788943,0.009509615163363992,-0.042106701388638645,0.08485204824540783,0.009444200923018422,0,0.0,Standing phase,0.0,0.0,0.0,both
36,0.576030969619751,-1,-1,-9.049297598877253e-05,0.09574808910265592,0.2415305651646886,0.00013368683615414396,0.09608262672980632,0.2513049668753568,0.0,0.0,0.0,0.0424061981616386,0.07871572543969682,0.009975525076789084,-0.042104490619160655,0.08453460747903424,0.009912931416334703,0,0.0,Standing phase,0.0,0.0,0.0,both
37,0.5813231468200684,-1,-1,-9.049297598877253e-05,0.09574808910265592,0.2415305651646886,0.00013764147407053706,0.09610448279005425,0.25175852566622503,0.0,0.0,0.0,0.04240668513031118,0.07844444777494912,0.0104463010867131,-0.04210246884084066,0.08421583370596424,0.01038628672015645,0,0.0,Standing phase,0.0,0.0,0.0,both
38,0.599729061126709,-1,-1,-9.049297598877253e-05,0.09574808910265592,0.2415305651646886,0.00014138487242810327,0.09612707171013568,0.25221552592319096,0.0,0.0,0.0,0.04240713500983028,0.0781674524435092,0.010921562866573569,-0.04210062940230314,0.08389590661914312,0.010863894648357995,0,0.0,Standing phase,0.0,0.0,0.0,both
39,0.6036581993103027,-1,-1,-9.049297598877253e-05,0.09574808910265592,0.2415305651646886,0.00014492213377894343,0.09615038860684894,0.2526756079796546,0.0,0.0,0.0,0.042407549064443543,0.0778850770521521,0.011400943359230212,-0.04209896584194208,0.08357499923395673,0.011345396063413879,0,0.0,Standing phase,0.0,0.0,0.0,both
40,0.6073150634765625,-1,-1,-9.049297598877253e-05,0.09574808910265592,0.2415305651646886,0.00014825866281427703,0.09617442782671276,0.25313842554987287,0.0,0.0,0.0,0.04240792852291832,0.07759764793353807,0.011884088398415003,-0.04209747188289879,0.08325327808666662,0.011830444504793734,0,0.0,Standing phase,0.0,0.0,0.0,both
41,0.6113660335540771,-1,-1,-9.049297598877253e-05,0.09574808910265592,0.2415305651646886,0.00015140010307462817,0.0961991829883424,0.25360364536957053,0.0,0.0,0.0,0.04240827457958074,0.07730548046634818,0.012370656339996202,-0.042096141428193165,0.08293090342731962,0.012318705826802463,0,0.0,Standing phase,0.0,0.0,0.0,both
42,0.615509033203125,-1,-1,-9.049297598877253e-05,0.09574808910265592,0.2415305651646886,0.00015435227950253398,0.09622464702407499,0.25407094684234893,0.0,0.0,0.0,0.042408588395299554,0.0770088793868257,0.012860317702816055,-0.042094968555999264,0.08260802940729092,0.01280985784565352,0,0.0,Standing phase,0.0,0.0,0.0,both
43,0.6196351051330566,-1,-1,-9.049297598877253e-05,0.09574808910265592,0.2415305651646886,0.0001571211464275298,0.0962508122207942,0.2545400216920079,0.0,0.0,0.0,0.04240887109842063,0.07670813909195828,0.013352754818868804,-0.042093947515056615,0.08228480426161432,0.013303589995562425,0,0.0,Standing phase,0.0,0.0,0.0,both
44,0.6232678890228271,-1,-1,-9.049297598877253e-05,0.09574808910265592,0.2415305651646886,0.00015971274059832724,0.09627767025990684,0.2550105736208781,0.0,0.0,0.0,0.04240912378565809,0.0764035439345287,0.013847661492591985,-0.04209307272021021,0.08196137048624832,0.01379960299365765,0,0.0,Standing phase,0.0,0.0,0.0,both
45,0.6272759437561035,-1,-1,-9.049297598877253e-05,0.09574808910265592,0.2415305651646886,0.0001621331389007175,0.09630521225642984,0.2554823179742419,0.0,0.0,0.0,0.042409347522947394,0.07609536851025561,0.01434474266904438,-0.04209233874807209,0.08163786501042229,0.014297608513504909,0,0.0,Standing phase,0.0,0.0,0.0,both
46,0.6460068225860596,-1,-1,-9.049297598877253e-05,0.09574808910265592,0.2415305651646886,0.00016438842042208269,0.0963334287971498,0.2559549814109083,0.0,0.0,0.0,0.04240954334626395,0.07578387793723919,0.014843714110756107,-0.04209174033279926,0.08131441936420193,0.014797328867045774,0,0.0,Standing phase,0.0,0.0,0.0,both
47,0.6504659652709961,-1,-1,-9.049297598877253e-05,0.09574808910265592,0.2415305651646886,0.0001664846325445182,0.09636230997782237,0.2564283015799907,0.0,0.0,0.0,0.04240971226241138,0.07546932812791882,0.015344302083036134,-0.04209127236198224,0.08099115984140878,0.015298496694756362,0,0.0,Standing phase,0.0,0.0,0.0,both
48,0.654184103012085,-1,-1,-9.049297598877253e-05,0.09574808910265592,0.2415305651646886,0.00016842776076821022,0.09639184543938212,0.2569020268039238,0.0,0.0,0.0,0.042409855249782406,0.07515196605374612,0.015846243047529594,-0.04209092987263977,0.08066820765802514,0.015800854663835216,0,0.0,Standing phase,0.0,0.0,0.0,both
49,0.6578269004821777,-1,-1,-9.049297598877253e-05,0.09574808910265592,0.2415305651646886,0.00017022370198560303,0.0964220244031387,0.2573759157677434,0.0,0.0,0.0,0.04240997325909481,0.0748320300027684,0.016349283363820723,-0.0420907080473156,0.08034567910620961,0.016304155174231776,0,0.0,Standing phase,0.0,0.0,0.0,both
50,0.6618678569793701,-1,-1,-9.049297598877253e-05,0.09574808910265592,0.2415305651646886,0.00017187824094435324,0.09645283570493848,0.2578497372146412,0.0,0.0,0.0,0.04241006721410501,0.07450974983031344,0.016853178998885224,-0.04209060221027304,0.08002368570404758,0.016808160072332302,0,0.0,Standing phase,0.0,0.0,0.0,both
51,0.6660487651824951,-1,-1,-9.049297598877253e-05,0.09574808910265592,0.2415305651646886,0.00017339702965376492,0.09648426782827509,0.25832326964779806,0.0,0.0,0.0,0.0424101380123007,0.07418534720295981,0.017357695244195646,-0.04209060782378478,0.07970233434115362,0.017312640372121817,0,0.0,Standing phase,0.0,0.0,0.0,both
52,0.6703288555145264,-1,-1,-9.049297598877253e-05,0.09574808910265592,0.2415305651646886,0.00017478556950491396,0.09651630893633538,0.2587963010384849,0.0,0.0,0.0,0.042410186525574635,0.07385903583597263,0.017862606440292726,-0.04209072048451371,0.0793817274202428,0.017817375983647497,0,0.0,Standing phase,0.0,0.0,0.0,both
53,0.6739950180053711,-1,-1,-9.049297598877253e-05,0.09574808910265592,0.2415305651646886,0.00017604919588952743,0.09654894690297226,0.2592686285404183,0.0,0.0,0.0,0.04241021360088039,0.07353102172437896,0.018367695708636344,-0.042090935919983044,0.07906196299478062,0.0183221554486078,0,0.0,Standing phase,0.0,0.0,0.0,both
54,0.6780388355255127,-1,-1,-9.049297598877253e-05,0.09574808910265592,0.2415305651646886,0.0001771930651164158,0.09658216934259732,0.2597400582103432,0.0,0.0,0.0,0.04241022006087166,0.0732015033678513,0.01887275469055614,-0.04209124998513231,0.07874313490282156,0.018826775682898547,0,0.0,Standing phase,0.0,0.0,0.0,both
55,0.6822030544281006,-1,-1,-9.049297598877253e-05,0.09574808910265592,0.2415305651646886,0.00017822214343743455,0.09661596363899136,0.26021040473481016,0.0,0.0,0.0,0.042410206704525596,0.07287067198956482,0.0193775832931262,-0.04209165865895709,0.07842533289714018,0.019331041725950553,0,0.0,Standing phase,0.0,0.0,0.0,both
56,0.6863200664520264,-1,-1,-9.049297598877253e-05,0.09574808910265592,0.2415305651646886,0.00017914119800715216,0.0966503169730318,0.2606794911631121,0.0,0.0,0.0,0.04241017430775127,0.07253871174918666,0.01988198944179071,-0.04209215804123056,0.07810864277175655,0.019834766496694817,0,0.0,Standing phase,0.0,0.0,0.0,both
57,0.6899638175964355,-1,-1,-9.049297598877253e-05,0.09574808910265592,0.2415305651646886,0.00017995478961205087,0.09668521634934077,0.2611471486463283,0.0,0.0,0.0,0.04241012362398371,0.07220579995015367,0.02038578883957337,-0.042092744349304316,0.07779314648495539,0.0203377705559964,0,0.0,Standing phase,0.0,0.0,0.0,both
58,0.6938881874084473,-1,-1,-9.049297598877253e-05,0.09574808910265592,0.2415305651646886,0.00018066726701593033,0.09672064862185893,0.26161321618243116,0.0,0.0,0.0,0.042410055384764146,0.07187210724138844,0.020888804732707118,-0.04209341391498666,0.0774789222788943,0.02083988187540029,0,0.0,Standing phase,0.0,0.0,0.0,both
59,0.6979842185974121,-1,-1,-9.049297598877253e-05,0.09574808910265592,0.2415305651646886,0.00018128276277846661,0.09675660051835286,0.2620775403673938,0.0,0.0,0.0,0.04240997030030682,0.07153779781360091,0.021390867682521394,-0.04209416318149697,0.07716604479589431,0.021340935612038186,0,0.0,Standing phase,0.0,0.0,0.0,both
60,0.7023680210113525,-1,-1,-9.049297598877253e-05,0.09574808910265592,0.2415305651646886,0.00018180519041354973,0.09679305866386632,0.26253997515224087,0.0,0.0,0.0,0.042409869060052854,0.07120302959031721,0.021891815343435043,-0.04209498870049341,0.07685458519150262,0.02184077388954298,0,0.0,Standing phase,0.0,0.0,0.0,both
61,0.7060229778289795,-1,-1,-9.049297598877253e-05,0.09574808910265592,0.2415305651646886,0.00018223824276302852,0.09683000960312749,0.26300038160597583,0.0,0.0,0.0,0.04240975233321128,0.07086795441377555,0.022391492246897862,-0.042095887129173636,0.07654461124441611,0.022339245584829373,0,0.0,Standing phase,0.0,0.0,0.0,both
62,0.709813117980957,-1,-1,-9.049297598877253e-05,0.09574808910265592,0.2415305651646886,0.00018258539147016466,0.09686743982192608,0.2634586276843136,0.0,0.0,0.0,0.04240962076928769,0.07053271822582195,0.02288974959113549,-0.04209685522744549,0.07623618746334944,0.022836206120593405,0,0.0,Standing phase,0.0,0.0,0.0,both
63,0.7162840366363525,-1,-1,-9.049297598877253e-05,0.09574808910265592,0.2415305651646886,0.0001828498874449591,0.0969053357674766,0.26391458800414913,0.0,0.0,0.0,0.04240947499860074,0.07019746124393858,0.02338644503654976,-0.04209788985516755,0.0759293751909315,0.02333151726339252,0,0.0,Standing phase,0.0,0.0,0.0,both
64,0.7201390266418457,-1,-1,-9.049297598877253e-05,0.09574808910265592,0.2415305651646886,0.00018303476222123093,0.09694368386778424,0.2643681436236821,0.0,0.0,0.0,0.0424093156327864,0.06986231813253112,0.02388144250663373,-0.042098987969456825,0.07562423270470983,0.023825046927169333,0,0.0,Standing phase,0.0,0.0,0.0,both
65,0.7237799167633057,-1,-1,-9.049297598877253e-05,0.09574808910265592,0.2415305651646886,0.0001831428301122992,0.09698247055003263,0.2648191818281219,0.0,0.0,0.0,0.04240914326529057,0.06952741816959898,0.024374611994263207,-0.042100146622063,0.0753208153153413,0.02431666898208404,0,0.0,Standing phase,0.0,0.0,0.0,both
66,0.7278060913085938,-1,-1,-9.049297598877253e-05,0.09574808910265592,0.2415305651646886,0.00018317669107888429,0.09702168225801353,0.2652675959208886,0.0,0.0,0.0,0.04240895847185001,0.06919288540890926,0.024865829373228714,-0.04210136295680731,0.07501917546204454,0.024806263068525087,0,0.0,Standing phase,0.0,0.0,0.0,both
67,0.7348389625549316,-1,-1,-9.049297598877253e-05,0.09574808910265592,0.2415305651646886,0.00018313873422903237,0.09706130546861864,0.2657132850202294,0.0,0.0,0.0,0.042408761810961544,0.06885883883779137,0.02535497621487648,-0.042102634207085134,0.07471936280538807,0.025293714416169587,0,0.0,Standing phase,0.0,0.0,0.0,both
68,0.7393660545349121,-1,-1,-9.049297598877253e-05,0.09574808910265592,0.2415305651646886,0.00018303114187543737,0.09710132670741868,0.2661561538611626,0.0,0.0,0.0,0.04240855382434018,0.06852539253066672,0.025841939609730545,-0.04210395769343038,0.07442142431748514,0.02577891366796837,0,0.0,Standing phase,0.0,0.0,0.0,both
69,0.744143009185791,-1,-1,-9.049297598877253e-05,0.09574808910265592,0.2415305651646886,0.00018285589407964116,0.097141732563364,0.26659611260266086,0.0,0.0,0.0,0.04240833503736568,0.06819265579842379,0.02632661199396772,-0.04210533082114101,0.07412540436966515,0.026261756708932795,0,0.0,Standing phase,0.0,0.0,0.0,both
70,0.7511818408966064,-1,-1,-9.049297598877253e-05,0.09574808910265592,0.2415305651646886,0.00018261477169744883,0.09718250971261001,0.26703307663875075,0.0,0.0,0.0,0.04240810595950713,0.06786073333376987,0.026808890980706695,-0.042106751077975076,0.07383134481770148,0.026742144499551028,0,0.0,Standing phase,0.0,0.0,0.0,both
71,0.7556729316711426,-1,-1,-9.049297598877253e-05,0.09574808910265592,0.2415305651646886,0.0001823093543790535,0.09722364496975146,0.2674669664110125,0.0,0.0,0.0,0.04240786708470523,0.06752972535270399,0.027288679196129054,-0.042108216031936534,0.07353928508468051,0.027219982913623333,0,0.0,Standing phase,0.0,0.0,0.0,both
72,0.7603521347045898,-1,-1,-9.049297598877253e-05,0.09574808910265592,0.2415305651646886,0.00018194104391801554,0.09726512571545477,0.267897707177616,0.0,0.0,0.0,0.042407618891848235,0.06719972773259725,0.02776588412013801,-0.04210972332901315,0.07324926224207849,0.0276951825815519,0,0.0,Standing phase,0.0,0.0,0.0,both
73,0.7672028541564941,-1,-1,-9.049297598877253e-05,0.09574808910265592,0.2415305651646886,0.00018151139616611866,0.09730694855272316,0.2683252277200548,0.0,0.0,0.0,0.04240736184618846,0.06687083215719722,0.028240417939686038,-0.042111270690013566,0.07296131109996876,0.028167658752338377,0,0.0,Standing phase,0.0,0.0,0.0,both
74,0.7711269855499268,-1,-1,-9.049297598877253e-05,0.09574808910265592,0.2415305651646886,0.00018102210048805766,0.09734911852843767,0.2687494601969838,0.0,0.0,0.0,0.0424070963998488,0.06654312624509082,0.028712197397363567,-0.04211285590835321,0.07267546428155099,0.02863733114343864,0,0.0,Standing phase,0.0,0.0,0.0,both
75,0.7748339176177979,-1,-1,-9.049297598877253e-05,0.09574808910265592,0.2415305651646886,0.0001804746576311819,0.09739164010593872,0.26917034110545,0.0,0.0,0.0,0.04240682299091883,0.06621669366358925,0.029181143634191595,-0.04211447684932223,0.07239175228329607,0.029104123779357925,0,0.0,Standing phase,0.0,0.0,0.0,both
76,0.7789719104766846,-1,-1,-9.049297598877253e-05,0.09574808910265592,0.2415305651646886,0.00017987043619311494,0.09743451915253303,0.26958781086397704,0.0,0.0,0.0,0.042406542043953666,0.06589161425468398,0.029647182049647922,-0.04211613144797758,0.07211020354949696,0.029567964853641885,0,0.0,Standing phase,0.0,0.0,0.0,both
77,0.7832679748535156,-1,-1,-9.049297598877253e-05,0.09574808910265592,0.2415305651646886,0.0001792109009165251,0.09747777184010285,0.2700018124380625,0.0,0.0,0.0,0.042406253970768644,0.0655679641668214,0.03011024217564592,-0.042117817706769915,0.07183084455434005,0.030028786604495258,0,0.0,Standing phase,0.0,0.0,0.0,both
78,0.7873990535736084,-1,-1,-9.049297598877253e-05,0.09574808910265592,0.2415305651646886,0.00017849756772236896,0.09752142247020447,0.27041229140351003,0.0,0.0,0.0,0.04240595917084293,0.06524581596768159,0.030570257538621998,-0.04211953369360023,0.07155369986621314,0.030486525178829223,0,0.0,Standing phase,0.0,0.0,0.0,both
79,0.7911550998687744,-1,-1,-9.049297598877253e-05,0.09574808910265592,0.2415305651646886,0.00017773178779658037,0.0975654943908709,0.2708191970015451,0.0,0.0,0.0,0.04240565803100763,0.0649252387442821,0.03102716551394321,-0.042121277540654055,0.0712787921998147,0.030941120489263865,0,0.0,Standing phase,0.0,0.0,0.0,both
80,0.7952909469604492,-1,-1,-9.049297598877253e-05,0.09574808910265592,0.2415305651646886,0.0001769147551441493,0.09761001002155327,0.2712224820078804,0.0,0.0,0.0,0.04240535092578653,0.06460629821340143,0.031480907198366194,-0.042123047442607184,0.07100614248034759,0.0313925160884807,0,0.0,Standing phase,0.0,0.0,0.0,both
81,0.7996759414672852,-1,-1,-9.049297598877253e-05,0.09574808910265592,0.2415305651646886,0.00017604751402486751,0.09765499087808932,0.27162210260560327,0.0,0.0,0.0,0.0424050382177276,0.06428905682897387,0.03193142728606395,-0.04212484165487728,0.07073576990588953,0.031840659047112405,0,0.0,Standing phase,0.0,0.0,0.0,both
82,0.8035030364990234,-1,-1,-9.049297598877253e-05,0.09574808910265592,0.2415305651646886,0.00017513096061095492,0.09770045799619019,0.27201801820390276,0.0,0.0,0.0,0.04240472025765856,0.06397357388707381,0.03237867394919203,-0.042126658491988676,0.0704676920084486,0.03228549983518893,0,0.0,Standing phase,0.0,0.0,0.0,both
83,0.8073251247406006,-1,-1,-9.049297598877253e-05,0.09574808910265592,0.2415305651646886,0.00017416572759042104,0.09774644075243435,0.2724101900221061,0.0,0.0,0.0,0.042404397383538205,0.0636599056393474,0.03282259874420129,-0.042128496327386154,0.07020192472287534,0.032726992209363134,0,0.0,Standing phase,0.0,0.0,0.0,both
84,0.8114719390869141,-1,-1,-9.049297598877253e-05,0.09574808910265592,0.2415305651646886,0.00017315220165427437,0.09779297649562269,0.2727985809529779,0.0,0.0,0.0,0.04240406992113748,0.06334810539059525,0.033263156497053796,-0.042130353591447935,0.06993848244323476,0.03316509310159396,0,0.0,Standing phase,0.0,0.0,0.0,both
85,0.8157751560211182,-1,-1,-9.049297598877253e-05,0.09574808910265592,0.2415305651646886,0.0001720906585665026,0.09784010178505335,0.2731831566949722,0.0,0.0,0.0,0.04240373818561816,0.06303822358182955,0.03370030516724098,-0.04213222876861777,0.06967737806700608,0.033599762507013874,0,0.0,Standing phase,0.0,0.0,0.0,both
86,0.8198790550231934,-1,-1,-9.049297598877253e-05,0.09574808910265592,0.2415305651646886,0.00017098126993467204,0.09788785241637503,0.27356388564375855,0.0,0.0,0.0,0.04240340248181752,0.06273030788368661,0.03413400574034674,-0.042134120395877016,0.06941862304906854,0.03403096337814848,0,0.0,Standing phase,0.0,0.0,0.0,both
87,0.8235931396484375,-1,-1,-9.049297598877253e-05,0.09574808910265592,0.2415305651646886,0.00016982409877359602,0.09793626437863259,0.2739407386447037,0.0,0.0,0.0,0.042403063104394845,0.062424403288850426,0.0345642221261535,-0.04213602706138934,0.06916222745550361,0.0344586615224226,0,0.0,Standing phase,0.0,0.0,0.0,both
88,0.8277080059051514,-1,-1,-9.049297598877253e-05,0.09574808910265592,0.2415305651646886,0.00016861908793388536,0.09798537462775608,0.27431368876733103,0.0,0.0,0.0,0.042402720337951234,0.0621205522015763,0.03499092105948263,-0.04213794740320391,0.0689082000155359,0.034882825502420396,0,0.0,Standing phase,0.0,0.0,0.0,both
89,0.8318958282470703,-1,-1,-9.049297598877253e-05,0.09574808910265592,0.2415305651646886,0.0001673660779222938,0.09803522020622436,0.2746827113333909,0.0,0.0,0.0,0.042402374457425444,0.061818794521767514,0.03541407199904178,-0.042139880107709,0.06865654816945138,0.03530342653868436,0,0.0,Standing phase,0.0,0.0,0.0,both
90,0.8368768692016602,-1,-1,-9.049297598877253e-05,0.09574808910265592,0.2415305651646886,0.00016606483143449807,0.09808583754525613,0.2750477839283931,0.0,0.0,0.0,0.04240202572851212,0.061519167727042356,0.03583364702937614,-0.042141823908091444,0.06840727811545241,0.035720438415528674,0,0.0,Standing phase,0.0,0.0,0.0,both
91,0.8415708541870117,-1,-1,-9.049297598877253e-05,0.09574808910265592,0.2415305651646886,0.000164715039109991,0.09813726248802493,0.27540888630840465,0.0,0.0,0.0,0.04240167440791004,0.061221706953836545,0.036249620767905236,-0.04214377758299877,0.06816039485626843,0.036133837389603365,0,0.0,Standing phase,0.0,0.0,0.0,both
92,0.8460710048675537,-1,-1,-9.049297598877253e-05,0.09574808910265592,0.2415305651646886,0.0001633163250760709,0.09818953031214764,0.27576600030972725,0.0,0.0,0.0,0.04240132074356338,0.06092644507622995,0.03666197027463425,-0.04214573995523662,0.06791590224440514,0.03654360210110507,0,0.0,Standing phase,0.0,0.0,0.0,both
93,0.8505380153656006,-1,-1,-9.049297598877253e-05,0.09574808910265592,0.2415305651646886,0.00016186825066299203,0.09824267575153081,0.2761191097613524,0.0,0.0,0.0,0.04240096497488416,0.06063341278255947,0.03707067496450457,-0.04214770989051276,0.0676738030260626,0.03694971348753057,0,0.0,Standing phase,0.0,0.0,0.0,both
94,0.8544201850891113,-1,-1,-9.049297598877253e-05,0.09574808910265592,0.2415305651646886,0.00016037032120236162,0.09829673301742564,0.27646820040016856,0.0,0.0,0.0,0.04240060733299464,0.060342638649861655,0.03747571652220055,-0.04214968629618847,0.06743409888377018,0.037352154700019305,0,0.0,Standing phase,0.0,0.0,0.0,both
95,0.8581478595733643,-1,-1,-9.049297598877253e-05,0.09574808910265592,0.2415305651646886,0.00015882199250353947,0.0983517358188391,0.2768132597888058,0.0,0.0,0.0,0.04240024804096226,0.060054149216211036,0.03787707881942866,-0.042151668120063365,0.06719679047776428,0.03775091102213613,0,0.0,Standing phase,0.0,0.0,0.0,both
96,0.8622870445251465,-1,-1,-9.049297598877253e-05,0.09574808910265592,0.2415305651646886,0.00015722267384040526,0.09840771738243813,0.277154277236005,0.0,0.0,0.0,0.04239988731400271,0.05976796905101739,0.038274747834679775,-0.04215365434921854,0.066961877486132,0.03814596979095606,0,0.0,Standing phase,0.0,0.0,0.0,both
97,0.8666679859161377,-1,-1,-9.049297598877253e-05,0.09574808910265592,0.2415305651646886,0.00015557173427521392,0.09846471047172871,0.2774912437195111,0.0,0.0,0.0,0.04239952535970532,0.05948412082331526,0.03866871157524701,-0.04215564400886198,0.06672935864377275,0.03853732032055041,0,0.0,Standing phase,0.0,0.0,0.0,both
98,0.8705408573150635,-1,-1,-9.049297598877253e-05,0.09574808910265592,0.2415305651646886,0.0001538685053648514,0.09852274740577355,0.2778241518113421,0.0,0.0,0.0,0.04239916237822598,0.05920262536811784,0.039058960001604734,-0.04215763616123162,0.06649923178018964,0.03892495382764617,0,0.0,Standing phase,0.0,0.0,0.0,both
99,0.8742270469665527,-1,-1,-9.049297598877253e-05,0.09574808910265592,0.2415305651646886,0.00015211228354533712,0.09858186007735571,0.27815299560539575,0.0,0.0,0.0,0.042398798562474006,0.058923501750876475,0.03944548495400962,-0.04215962990452821,0.06627149385615023,0.039308863359478974,0,0.0,Standing phase,0.0,0.0,0.0,both
100,0.8783619403839111,-1,-1,-9.049297598877253e-05,0.09574808910265592,0.2415305651646886,0.00015030233574281,0.09864207997048961,0.278477770647366,0.0,0.0,0.0,0.04239843409832112,0.05864676733008301,0.03982828008117793,-0.04216162437184937,0.066046140999257,0.03968904372386682,0,0.0,Standing phase,0.0,0.0,0.0,both
